{"text": " We've thrown when events take a bad turn.", "segments": [{"id": 0, "seek": 0, "start": 0.0, "end": 2.88, "text": " We've thrown when events take a bad turn.", "tokens": [50364, 492, 600, 11732, 562, 3931, 747, 257, 1578, 1261, 13, 50508], "temperature": 0.0, "avg_logprob": -0.34595852631788987, "compression_ratio": 0.8367346938775511, "no_speech_prob": 0.0073129842057824135}], "language": "en"}